--
-- PostgreSQL database dump
--

-- Dumped from database version 9.2.9
-- Dumped by pg_dump version 9.2.9
-- Started on 2025-12-13 23:03:32

SET statement_timeout = 0;
SET client_encoding = 'UTF8';
SET standard_conforming_strings = on;
SET check_function_bodies = false;
SET client_min_messages = warning;

--
-- TOC entry 7 (class 2615 OID 17896)
-- Name: tiger; Type: SCHEMA; Schema: -; Owner: postgres
--

CREATE SCHEMA tiger;


ALTER SCHEMA tiger OWNER TO postgres;

--
-- TOC entry 284 (class 3079 OID 17885)
-- Name: fuzzystrmatch; Type: EXTENSION; Schema: -; Owner: 
--

CREATE EXTENSION IF NOT EXISTS fuzzystrmatch WITH SCHEMA public;


--
-- TOC entry 3899 (class 0 OID 0)
-- Dependencies: 284
-- Name: EXTENSION fuzzystrmatch; Type: COMMENT; Schema: -; Owner: 
--

COMMENT ON EXTENSION fuzzystrmatch IS 'determine similarities and distance between strings';


--
-- TOC entry 287 (class 3079 OID 16394)
-- Name: postgis; Type: EXTENSION; Schema: -; Owner: 
--

CREATE EXTENSION IF NOT EXISTS postgis WITH SCHEMA public;


--
-- TOC entry 3900 (class 0 OID 0)
-- Dependencies: 287
-- Name: EXTENSION postgis; Type: COMMENT; Schema: -; Owner: 
--

COMMENT ON EXTENSION postgis IS 'PostGIS geometry, geography, and raster spatial types and functions';


--
-- TOC entry 283 (class 3079 OID 17897)
-- Name: postgis_tiger_geocoder; Type: EXTENSION; Schema: -; Owner: 
--

CREATE EXTENSION IF NOT EXISTS postgis_tiger_geocoder WITH SCHEMA tiger;


--
-- TOC entry 3901 (class 0 OID 0)
-- Dependencies: 283
-- Name: EXTENSION postgis_tiger_geocoder; Type: COMMENT; Schema: -; Owner: 
--

COMMENT ON EXTENSION postgis_tiger_geocoder IS 'PostGIS tiger geocoder and reverse geocoder';


--
-- TOC entry 6 (class 2615 OID 17727)
-- Name: topology; Type: SCHEMA; Schema: -; Owner: postgres
--

CREATE SCHEMA topology;


ALTER SCHEMA topology OWNER TO postgres;

--
-- TOC entry 281 (class 3079 OID 11727)
-- Name: plpgsql; Type: EXTENSION; Schema: -; Owner: 
--

CREATE EXTENSION IF NOT EXISTS plpgsql WITH SCHEMA pg_catalog;


--
-- TOC entry 3902 (class 0 OID 0)
-- Dependencies: 281
-- Name: EXTENSION plpgsql; Type: COMMENT; Schema: -; Owner: 
--

COMMENT ON EXTENSION plpgsql IS 'PL/pgSQL procedural language';


--
-- TOC entry 285 (class 3079 OID 17878)
-- Name: address_standardizer; Type: EXTENSION; Schema: -; Owner: 
--

CREATE EXTENSION IF NOT EXISTS address_standardizer WITH SCHEMA public;


--
-- TOC entry 286 (class 3079 OID 17680)
-- Name: pgrouting; Type: EXTENSION; Schema: -; Owner: 
--

CREATE EXTENSION IF NOT EXISTS pgrouting WITH SCHEMA public;


--
-- TOC entry 3903 (class 0 OID 0)
-- Dependencies: 286
-- Name: EXTENSION pgrouting; Type: COMMENT; Schema: -; Owner: 
--

COMMENT ON EXTENSION pgrouting IS 'pgRouting Extension';


--
-- TOC entry 282 (class 3079 OID 17728)
-- Name: postgis_topology; Type: EXTENSION; Schema: -; Owner: 
--

CREATE EXTENSION IF NOT EXISTS postgis_topology WITH SCHEMA topology;


--
-- TOC entry 3904 (class 0 OID 0)
-- Dependencies: 282
-- Name: EXTENSION postgis_topology; Type: COMMENT; Schema: -; Owner: 
--

COMMENT ON EXTENSION postgis_topology IS 'PostGIS topology spatial types and functions';


SET search_path = public, pg_catalog;

SET default_tablespace = '';

SET default_with_oids = false;

--
-- TOC entry 243 (class 1259 OID 18894)
-- Name: acciones; Type: TABLE; Schema: public; Owner: postgres; Tablespace: 
--

CREATE TABLE acciones (
    id integer NOT NULL,
    nombre character varying(50) NOT NULL
);


ALTER TABLE public.acciones OWNER TO postgres;

--
-- TOC entry 244 (class 1259 OID 18897)
-- Name: acciones_id_seq; Type: SEQUENCE; Schema: public; Owner: postgres
--

CREATE SEQUENCE acciones_id_seq
    START WITH 1
    INCREMENT BY 1
    NO MINVALUE
    NO MAXVALUE
    CACHE 1;


ALTER TABLE public.acciones_id_seq OWNER TO postgres;

--
-- TOC entry 3905 (class 0 OID 0)
-- Dependencies: 244
-- Name: acciones_id_seq; Type: SEQUENCE OWNED BY; Schema: public; Owner: postgres
--

ALTER SEQUENCE acciones_id_seq OWNED BY acciones.id;


--
-- TOC entry 245 (class 1259 OID 18899)
-- Name: actividad; Type: TABLE; Schema: public; Owner: postgres; Tablespace: 
--

CREATE TABLE actividad (
    id integer NOT NULL,
    nombre character varying(100) NOT NULL,
    id_estado integer DEFAULT 1
);


ALTER TABLE public.actividad OWNER TO postgres;

--
-- TOC entry 280 (class 1259 OID 24627)
-- Name: actividad_estado; Type: TABLE; Schema: public; Owner: postgres; Tablespace: 
--

CREATE TABLE actividad_estado (
    id integer NOT NULL,
    nombre character varying(100)
);


ALTER TABLE public.actividad_estado OWNER TO postgres;

--
-- TOC entry 246 (class 1259 OID 18902)
-- Name: actividad_id_seq; Type: SEQUENCE; Schema: public; Owner: postgres
--

CREATE SEQUENCE actividad_id_seq
    START WITH 1
    INCREMENT BY 1
    NO MINVALUE
    NO MAXVALUE
    CACHE 1;


ALTER TABLE public.actividad_id_seq OWNER TO postgres;

--
-- TOC entry 3906 (class 0 OID 0)
-- Dependencies: 246
-- Name: actividad_id_seq; Type: SEQUENCE OWNED BY; Schema: public; Owner: postgres
--

ALTER SEQUENCE actividad_id_seq OWNED BY actividad.id;


--
-- TOC entry 247 (class 1259 OID 18904)
-- Name: modulos; Type: TABLE; Schema: public; Owner: postgres; Tablespace: 
--

CREATE TABLE modulos (
    id integer NOT NULL,
    nombre character varying(50) NOT NULL,
    slug character varying,
    id_modulo_padre integer
);


ALTER TABLE public.modulos OWNER TO postgres;

--
-- TOC entry 248 (class 1259 OID 18907)
-- Name: modulos_id_seq; Type: SEQUENCE; Schema: public; Owner: postgres
--

CREATE SEQUENCE modulos_id_seq
    START WITH 1
    INCREMENT BY 1
    NO MINVALUE
    NO MAXVALUE
    CACHE 1;


ALTER TABLE public.modulos_id_seq OWNER TO postgres;

--
-- TOC entry 3907 (class 0 OID 0)
-- Dependencies: 248
-- Name: modulos_id_seq; Type: SEQUENCE OWNED BY; Schema: public; Owner: postgres
--

ALTER SEQUENCE modulos_id_seq OWNED BY modulos.id;


--
-- TOC entry 249 (class 1259 OID 18909)
-- Name: movimiento; Type: TABLE; Schema: public; Owner: postgres; Tablespace: 
--

CREATE TABLE movimiento (
    id integer NOT NULL,
    origen character varying(100) NOT NULL,
    destino character varying(100) NOT NULL,
    id_tipo_movimiento integer NOT NULL,
    observaciones text,
    fecha date NOT NULL,
    id_responsable integer NOT NULL,
    cantidad_peces integer NOT NULL
);


ALTER TABLE public.movimiento OWNER TO postgres;

--
-- TOC entry 250 (class 1259 OID 18915)
-- Name: movimiento_id_seq; Type: SEQUENCE; Schema: public; Owner: postgres
--

CREATE SEQUENCE movimiento_id_seq
    START WITH 1
    INCREMENT BY 1
    NO MINVALUE
    NO MAXVALUE
    CACHE 1;


ALTER TABLE public.movimiento_id_seq OWNER TO postgres;

--
-- TOC entry 3908 (class 0 OID 0)
-- Dependencies: 250
-- Name: movimiento_id_seq; Type: SEQUENCE OWNED BY; Schema: public; Owner: postgres
--

ALTER SEQUENCE movimiento_id_seq OWNED BY movimiento.id;


--
-- TOC entry 251 (class 1259 OID 18917)
-- Name: permisos; Type: TABLE; Schema: public; Owner: postgres; Tablespace: 
--

CREATE TABLE permisos (
    id integer NOT NULL,
    id_roles integer NOT NULL,
    id_modulos integer NOT NULL,
    id_acciones integer NOT NULL
);


ALTER TABLE public.permisos OWNER TO postgres;

--
-- TOC entry 252 (class 1259 OID 18920)
-- Name: permisos_id_seq; Type: SEQUENCE; Schema: public; Owner: postgres
--

CREATE SEQUENCE permisos_id_seq
    START WITH 1
    INCREMENT BY 1
    NO MINVALUE
    NO MAXVALUE
    CACHE 1;


ALTER TABLE public.permisos_id_seq OWNER TO postgres;

--
-- TOC entry 3909 (class 0 OID 0)
-- Dependencies: 252
-- Name: permisos_id_seq; Type: SEQUENCE OWNED BY; Schema: public; Owner: postgres
--

ALTER SEQUENCE permisos_id_seq OWNED BY permisos.id;


--
-- TOC entry 278 (class 1259 OID 24578)
-- Name: rol_estado; Type: TABLE; Schema: public; Owner: postgres; Tablespace: 
--

CREATE TABLE rol_estado (
    id_estado integer NOT NULL,
    nombre character varying
);


ALTER TABLE public.rol_estado OWNER TO postgres;

--
-- TOC entry 277 (class 1259 OID 24576)
-- Name: rol_estado_id_estado_seq; Type: SEQUENCE; Schema: public; Owner: postgres
--

CREATE SEQUENCE rol_estado_id_estado_seq
    START WITH 1
    INCREMENT BY 1
    NO MINVALUE
    NO MAXVALUE
    CACHE 1;


ALTER TABLE public.rol_estado_id_estado_seq OWNER TO postgres;

--
-- TOC entry 3910 (class 0 OID 0)
-- Dependencies: 277
-- Name: rol_estado_id_estado_seq; Type: SEQUENCE OWNED BY; Schema: public; Owner: postgres
--

ALTER SEQUENCE rol_estado_id_estado_seq OWNED BY rol_estado.id_estado;


--
-- TOC entry 253 (class 1259 OID 18922)
-- Name: roles; Type: TABLE; Schema: public; Owner: postgres; Tablespace: 
--

CREATE TABLE roles (
    id integer NOT NULL,
    nombre character varying(50) NOT NULL,
    id_estado integer
);


ALTER TABLE public.roles OWNER TO postgres;

--
-- TOC entry 254 (class 1259 OID 18925)
-- Name: roles_id_seq; Type: SEQUENCE; Schema: public; Owner: postgres
--

CREATE SEQUENCE roles_id_seq
    START WITH 1
    INCREMENT BY 1
    NO MINVALUE
    NO MAXVALUE
    CACHE 1;


ALTER TABLE public.roles_id_seq OWNER TO postgres;

--
-- TOC entry 3911 (class 0 OID 0)
-- Dependencies: 254
-- Name: roles_id_seq; Type: SEQUENCE OWNED BY; Schema: public; Owner: postgres
--

ALTER SEQUENCE roles_id_seq OWNED BY roles.id;


--
-- TOC entry 255 (class 1259 OID 18927)
-- Name: seguimiento; Type: TABLE; Schema: public; Owner: postgres; Tablespace: 
--

CREATE TABLE seguimiento (
    id integer NOT NULL,
    id_zoo integer NOT NULL,
    id_tanque integer NOT NULL,
    id_responsable integer NOT NULL,
    fecha date NOT NULL
);


ALTER TABLE public.seguimiento OWNER TO postgres;

--
-- TOC entry 256 (class 1259 OID 18930)
-- Name: seguimiento_detalle; Type: TABLE; Schema: public; Owner: postgres; Tablespace: 
--

CREATE TABLE seguimiento_detalle (
    id integer NOT NULL,
    id_seguimiento integer NOT NULL,
    id_actividad integer NOT NULL,
    ph numeric(5,2) NOT NULL,
    temperatura numeric(5,2) NOT NULL,
    num_alevines integer NOT NULL,
    num_muertes integer NOT NULL,
    num_machos integer NOT NULL,
    num_hembras integer NOT NULL,
    cloro numeric(5,2) NOT NULL,
    observaciones text,
    total integer NOT NULL,
    estado_id integer
);


ALTER TABLE public.seguimiento_detalle OWNER TO postgres;

--
-- TOC entry 257 (class 1259 OID 18936)
-- Name: seguimiento_detalle_estado; Type: TABLE; Schema: public; Owner: postgres; Tablespace: 
--

CREATE TABLE seguimiento_detalle_estado (
    id integer NOT NULL,
    nombre character varying(100) NOT NULL
);


ALTER TABLE public.seguimiento_detalle_estado OWNER TO postgres;

--
-- TOC entry 258 (class 1259 OID 18939)
-- Name: seguimiento_detalle_estado_id_seq; Type: SEQUENCE; Schema: public; Owner: postgres
--

CREATE SEQUENCE seguimiento_detalle_estado_id_seq
    START WITH 1
    INCREMENT BY 1
    NO MINVALUE
    NO MAXVALUE
    CACHE 1;


ALTER TABLE public.seguimiento_detalle_estado_id_seq OWNER TO postgres;

--
-- TOC entry 3912 (class 0 OID 0)
-- Dependencies: 258
-- Name: seguimiento_detalle_estado_id_seq; Type: SEQUENCE OWNED BY; Schema: public; Owner: postgres
--

ALTER SEQUENCE seguimiento_detalle_estado_id_seq OWNED BY seguimiento_detalle_estado.id;


--
-- TOC entry 259 (class 1259 OID 18941)
-- Name: seguimiento_detalle_id_seq; Type: SEQUENCE; Schema: public; Owner: postgres
--

CREATE SEQUENCE seguimiento_detalle_id_seq
    START WITH 1
    INCREMENT BY 1
    NO MINVALUE
    NO MAXVALUE
    CACHE 1;


ALTER TABLE public.seguimiento_detalle_id_seq OWNER TO postgres;

--
-- TOC entry 3913 (class 0 OID 0)
-- Dependencies: 259
-- Name: seguimiento_detalle_id_seq; Type: SEQUENCE OWNED BY; Schema: public; Owner: postgres
--

ALTER SEQUENCE seguimiento_detalle_id_seq OWNED BY seguimiento_detalle.id;


--
-- TOC entry 260 (class 1259 OID 18943)
-- Name: seguimiento_id_seq; Type: SEQUENCE; Schema: public; Owner: postgres
--

CREATE SEQUENCE seguimiento_id_seq
    START WITH 1
    INCREMENT BY 1
    NO MINVALUE
    NO MAXVALUE
    CACHE 1;


ALTER TABLE public.seguimiento_id_seq OWNER TO postgres;

--
-- TOC entry 3914 (class 0 OID 0)
-- Dependencies: 260
-- Name: seguimiento_id_seq; Type: SEQUENCE OWNED BY; Schema: public; Owner: postgres
--

ALTER SEQUENCE seguimiento_id_seq OWNED BY seguimiento.id;


--
-- TOC entry 261 (class 1259 OID 18945)
-- Name: tanque_estado; Type: TABLE; Schema: public; Owner: postgres; Tablespace: 
--

CREATE TABLE tanque_estado (
    id integer NOT NULL,
    nombre character varying(50) NOT NULL
);


ALTER TABLE public.tanque_estado OWNER TO postgres;

--
-- TOC entry 262 (class 1259 OID 18948)
-- Name: tanque_estado_id_seq; Type: SEQUENCE; Schema: public; Owner: postgres
--

CREATE SEQUENCE tanque_estado_id_seq
    START WITH 1
    INCREMENT BY 1
    NO MINVALUE
    NO MAXVALUE
    CACHE 1;


ALTER TABLE public.tanque_estado_id_seq OWNER TO postgres;

--
-- TOC entry 3915 (class 0 OID 0)
-- Dependencies: 262
-- Name: tanque_estado_id_seq; Type: SEQUENCE OWNED BY; Schema: public; Owner: postgres
--

ALTER SEQUENCE tanque_estado_id_seq OWNED BY tanque_estado.id;


--
-- TOC entry 263 (class 1259 OID 18950)
-- Name: tanques; Type: TABLE; Schema: public; Owner: postgres; Tablespace: 
--

CREATE TABLE tanques (
    id integer NOT NULL,
    nombre character varying(100) NOT NULL,
    medidas character varying(100) NOT NULL,
    id_tipo_tanque integer NOT NULL,
    cantidad_peces integer NOT NULL,
    id_zoocriadero integer,
    id_estado integer
);


ALTER TABLE public.tanques OWNER TO postgres;

--
-- TOC entry 264 (class 1259 OID 18953)
-- Name: tanques_id_seq; Type: SEQUENCE; Schema: public; Owner: postgres
--

CREATE SEQUENCE tanques_id_seq
    START WITH 1
    INCREMENT BY 1
    NO MINVALUE
    NO MAXVALUE
    CACHE 1;


ALTER TABLE public.tanques_id_seq OWNER TO postgres;

--
-- TOC entry 3916 (class 0 OID 0)
-- Dependencies: 264
-- Name: tanques_id_seq; Type: SEQUENCE OWNED BY; Schema: public; Owner: postgres
--

ALTER SEQUENCE tanques_id_seq OWNED BY tanques.id;


--
-- TOC entry 265 (class 1259 OID 18955)
-- Name: tipo_movimiento; Type: TABLE; Schema: public; Owner: postgres; Tablespace: 
--

CREATE TABLE tipo_movimiento (
    id integer NOT NULL,
    nombre character varying(50) NOT NULL
);


ALTER TABLE public.tipo_movimiento OWNER TO postgres;

--
-- TOC entry 266 (class 1259 OID 18958)
-- Name: tipo_movimiento_id_seq; Type: SEQUENCE; Schema: public; Owner: postgres
--

CREATE SEQUENCE tipo_movimiento_id_seq
    START WITH 1
    INCREMENT BY 1
    NO MINVALUE
    NO MAXVALUE
    CACHE 1;


ALTER TABLE public.tipo_movimiento_id_seq OWNER TO postgres;

--
-- TOC entry 3917 (class 0 OID 0)
-- Dependencies: 266
-- Name: tipo_movimiento_id_seq; Type: SEQUENCE OWNED BY; Schema: public; Owner: postgres
--

ALTER SEQUENCE tipo_movimiento_id_seq OWNED BY tipo_movimiento.id;


--
-- TOC entry 267 (class 1259 OID 18960)
-- Name: tipo_tanque; Type: TABLE; Schema: public; Owner: postgres; Tablespace: 
--

CREATE TABLE tipo_tanque (
    id integer NOT NULL,
    nombre character varying(50) NOT NULL,
    id_estado integer DEFAULT 1
);


ALTER TABLE public.tipo_tanque OWNER TO postgres;

--
-- TOC entry 279 (class 1259 OID 24622)
-- Name: tipo_tanque_estado; Type: TABLE; Schema: public; Owner: postgres; Tablespace: 
--

CREATE TABLE tipo_tanque_estado (
    id integer NOT NULL,
    nombre character varying(100)
);


ALTER TABLE public.tipo_tanque_estado OWNER TO postgres;

--
-- TOC entry 268 (class 1259 OID 18963)
-- Name: tipo_tanque_id_seq; Type: SEQUENCE; Schema: public; Owner: postgres
--

CREATE SEQUENCE tipo_tanque_id_seq
    START WITH 1
    INCREMENT BY 1
    NO MINVALUE
    NO MAXVALUE
    CACHE 1;


ALTER TABLE public.tipo_tanque_id_seq OWNER TO postgres;

--
-- TOC entry 3918 (class 0 OID 0)
-- Dependencies: 268
-- Name: tipo_tanque_id_seq; Type: SEQUENCE OWNED BY; Schema: public; Owner: postgres
--

ALTER SEQUENCE tipo_tanque_id_seq OWNED BY tipo_tanque.id;


--
-- TOC entry 276 (class 1259 OID 19127)
-- Name: usuario_estado; Type: TABLE; Schema: public; Owner: postgres; Tablespace: 
--

CREATE TABLE usuario_estado (
    id_estado integer NOT NULL,
    nombre character varying
);


ALTER TABLE public.usuario_estado OWNER TO postgres;

--
-- TOC entry 275 (class 1259 OID 19125)
-- Name: usuario_estado_id_estado_seq; Type: SEQUENCE; Schema: public; Owner: postgres
--

CREATE SEQUENCE usuario_estado_id_estado_seq
    START WITH 1
    INCREMENT BY 1
    NO MINVALUE
    NO MAXVALUE
    CACHE 1;


ALTER TABLE public.usuario_estado_id_estado_seq OWNER TO postgres;

--
-- TOC entry 3919 (class 0 OID 0)
-- Dependencies: 275
-- Name: usuario_estado_id_estado_seq; Type: SEQUENCE OWNED BY; Schema: public; Owner: postgres
--

ALTER SEQUENCE usuario_estado_id_estado_seq OWNED BY usuario_estado.id_estado;


--
-- TOC entry 269 (class 1259 OID 18965)
-- Name: usuarios; Type: TABLE; Schema: public; Owner: postgres; Tablespace: 
--

CREATE TABLE usuarios (
    id integer NOT NULL,
    nombre character varying(100) NOT NULL,
    apellido character varying(100) NOT NULL,
    documento character varying(50) NOT NULL,
    correo character varying(100) NOT NULL,
    telefono character varying(20) NOT NULL,
    contrasena character varying(200) NOT NULL,
    id_rol integer,
    id_estado integer
);


ALTER TABLE public.usuarios OWNER TO postgres;

--
-- TOC entry 270 (class 1259 OID 18971)
-- Name: usuarios_id_seq; Type: SEQUENCE; Schema: public; Owner: postgres
--

CREATE SEQUENCE usuarios_id_seq
    START WITH 1
    INCREMENT BY 1
    NO MINVALUE
    NO MAXVALUE
    CACHE 1;


ALTER TABLE public.usuarios_id_seq OWNER TO postgres;

--
-- TOC entry 3920 (class 0 OID 0)
-- Dependencies: 270
-- Name: usuarios_id_seq; Type: SEQUENCE OWNED BY; Schema: public; Owner: postgres
--

ALTER SEQUENCE usuarios_id_seq OWNED BY usuarios.id;


--
-- TOC entry 271 (class 1259 OID 18973)
-- Name: zoocriadero; Type: TABLE; Schema: public; Owner: postgres; Tablespace: 
--

CREATE TABLE zoocriadero (
    id_zoocriadero integer NOT NULL,
    responsable integer NOT NULL,
    direccion character varying(150) NOT NULL,
    coordenadas character varying(100) NOT NULL,
    telefono character varying(20) NOT NULL,
    comuna character varying(50) NOT NULL,
    barrio character varying(50) NOT NULL,
    nombre character varying(100) NOT NULL,
    geom geometry(Point,4326),
    id_estado integer,
    correo character varying
);


ALTER TABLE public.zoocriadero OWNER TO postgres;

--
-- TOC entry 274 (class 1259 OID 19104)
-- Name: zoocriadero_estado; Type: TABLE; Schema: public; Owner: postgres; Tablespace: 
--

CREATE TABLE zoocriadero_estado (
    id_estado integer NOT NULL,
    nombre character varying
);


ALTER TABLE public.zoocriadero_estado OWNER TO postgres;

--
-- TOC entry 273 (class 1259 OID 19102)
-- Name: zoocriadero_estado_id_estado_seq; Type: SEQUENCE; Schema: public; Owner: postgres
--

CREATE SEQUENCE zoocriadero_estado_id_estado_seq
    START WITH 1
    INCREMENT BY 1
    NO MINVALUE
    NO MAXVALUE
    CACHE 1;


ALTER TABLE public.zoocriadero_estado_id_estado_seq OWNER TO postgres;

--
-- TOC entry 3921 (class 0 OID 0)
-- Dependencies: 273
-- Name: zoocriadero_estado_id_estado_seq; Type: SEQUENCE OWNED BY; Schema: public; Owner: postgres
--

ALTER SEQUENCE zoocriadero_estado_id_estado_seq OWNED BY zoocriadero_estado.id_estado;


--
-- TOC entry 272 (class 1259 OID 18979)
-- Name: zoocriadero_id_zoocriadero_seq; Type: SEQUENCE; Schema: public; Owner: postgres
--

CREATE SEQUENCE zoocriadero_id_zoocriadero_seq
    START WITH 1
    INCREMENT BY 1
    NO MINVALUE
    NO MAXVALUE
    CACHE 1;


ALTER TABLE public.zoocriadero_id_zoocriadero_seq OWNER TO postgres;

--
-- TOC entry 3922 (class 0 OID 0)
-- Dependencies: 272
-- Name: zoocriadero_id_zoocriadero_seq; Type: SEQUENCE OWNED BY; Schema: public; Owner: postgres
--

ALTER SEQUENCE zoocriadero_id_zoocriadero_seq OWNED BY zoocriadero.id_zoocriadero;


--
-- TOC entry 3659 (class 2604 OID 18981)
-- Name: id; Type: DEFAULT; Schema: public; Owner: postgres
--

ALTER TABLE ONLY acciones ALTER COLUMN id SET DEFAULT nextval('acciones_id_seq'::regclass);


--
-- TOC entry 3660 (class 2604 OID 18982)
-- Name: id; Type: DEFAULT; Schema: public; Owner: postgres
--

ALTER TABLE ONLY actividad ALTER COLUMN id SET DEFAULT nextval('actividad_id_seq'::regclass);


--
-- TOC entry 3662 (class 2604 OID 18983)
-- Name: id; Type: DEFAULT; Schema: public; Owner: postgres
--

ALTER TABLE ONLY modulos ALTER COLUMN id SET DEFAULT nextval('modulos_id_seq'::regclass);


--
-- TOC entry 3663 (class 2604 OID 18984)
-- Name: id; Type: DEFAULT; Schema: public; Owner: postgres
--

ALTER TABLE ONLY movimiento ALTER COLUMN id SET DEFAULT nextval('movimiento_id_seq'::regclass);


--
-- TOC entry 3664 (class 2604 OID 18985)
-- Name: id; Type: DEFAULT; Schema: public; Owner: postgres
--

ALTER TABLE ONLY permisos ALTER COLUMN id SET DEFAULT nextval('permisos_id_seq'::regclass);


--
-- TOC entry 3678 (class 2604 OID 24581)
-- Name: id_estado; Type: DEFAULT; Schema: public; Owner: postgres
--

ALTER TABLE ONLY rol_estado ALTER COLUMN id_estado SET DEFAULT nextval('rol_estado_id_estado_seq'::regclass);


--
-- TOC entry 3665 (class 2604 OID 18986)
-- Name: id; Type: DEFAULT; Schema: public; Owner: postgres
--

ALTER TABLE ONLY roles ALTER COLUMN id SET DEFAULT nextval('roles_id_seq'::regclass);


--
-- TOC entry 3666 (class 2604 OID 18987)
-- Name: id; Type: DEFAULT; Schema: public; Owner: postgres
--

ALTER TABLE ONLY seguimiento ALTER COLUMN id SET DEFAULT nextval('seguimiento_id_seq'::regclass);


--
-- TOC entry 3667 (class 2604 OID 18988)
-- Name: id; Type: DEFAULT; Schema: public; Owner: postgres
--

ALTER TABLE ONLY seguimiento_detalle ALTER COLUMN id SET DEFAULT nextval('seguimiento_detalle_id_seq'::regclass);


--
-- TOC entry 3668 (class 2604 OID 18989)
-- Name: id; Type: DEFAULT; Schema: public; Owner: postgres
--

ALTER TABLE ONLY seguimiento_detalle_estado ALTER COLUMN id SET DEFAULT nextval('seguimiento_detalle_estado_id_seq'::regclass);


--
-- TOC entry 3669 (class 2604 OID 18990)
-- Name: id; Type: DEFAULT; Schema: public; Owner: postgres
--

ALTER TABLE ONLY tanque_estado ALTER COLUMN id SET DEFAULT nextval('tanque_estado_id_seq'::regclass);


--
-- TOC entry 3670 (class 2604 OID 18991)
-- Name: id; Type: DEFAULT; Schema: public; Owner: postgres
--

ALTER TABLE ONLY tanques ALTER COLUMN id SET DEFAULT nextval('tanques_id_seq'::regclass);


--
-- TOC entry 3671 (class 2604 OID 18992)
-- Name: id; Type: DEFAULT; Schema: public; Owner: postgres
--

ALTER TABLE ONLY tipo_movimiento ALTER COLUMN id SET DEFAULT nextval('tipo_movimiento_id_seq'::regclass);


--
-- TOC entry 3672 (class 2604 OID 18993)
-- Name: id; Type: DEFAULT; Schema: public; Owner: postgres
--

ALTER TABLE ONLY tipo_tanque ALTER COLUMN id SET DEFAULT nextval('tipo_tanque_id_seq'::regclass);


--
-- TOC entry 3677 (class 2604 OID 19130)
-- Name: id_estado; Type: DEFAULT; Schema: public; Owner: postgres
--

ALTER TABLE ONLY usuario_estado ALTER COLUMN id_estado SET DEFAULT nextval('usuario_estado_id_estado_seq'::regclass);


--
-- TOC entry 3674 (class 2604 OID 18994)
-- Name: id; Type: DEFAULT; Schema: public; Owner: postgres
--

ALTER TABLE ONLY usuarios ALTER COLUMN id SET DEFAULT nextval('usuarios_id_seq'::regclass);


--
-- TOC entry 3675 (class 2604 OID 18995)
-- Name: id_zoocriadero; Type: DEFAULT; Schema: public; Owner: postgres
--

ALTER TABLE ONLY zoocriadero ALTER COLUMN id_zoocriadero SET DEFAULT nextval('zoocriadero_id_zoocriadero_seq'::regclass);


--
-- TOC entry 3676 (class 2604 OID 19107)
-- Name: id_estado; Type: DEFAULT; Schema: public; Owner: postgres
--

ALTER TABLE ONLY zoocriadero_estado ALTER COLUMN id_estado SET DEFAULT nextval('zoocriadero_estado_id_estado_seq'::regclass);


--
-- TOC entry 3854 (class 0 OID 18894)
-- Dependencies: 243
-- Data for Name: acciones; Type: TABLE DATA; Schema: public; Owner: postgres
--

COPY acciones (id, nombre) FROM stdin;
2	Consultar
1	Registrar
3	Actualizar
4	Eliminar
\.


--
-- TOC entry 3923 (class 0 OID 0)
-- Dependencies: 244
-- Name: acciones_id_seq; Type: SEQUENCE SET; Schema: public; Owner: postgres
--

SELECT pg_catalog.setval('acciones_id_seq', 4, true);


--
-- TOC entry 3856 (class 0 OID 18899)
-- Dependencies: 245
-- Data for Name: actividad; Type: TABLE DATA; Schema: public; Owner: postgres
--

COPY actividad (id, nombre, id_estado) FROM stdin;
2	Aspirado	1
3	Ajuste nivel del agua	1
4	No se requirio ninguna acción	1
1	Lavado	1
5	Mirar pecesss	2
\.


--
-- TOC entry 3891 (class 0 OID 24627)
-- Dependencies: 280
-- Data for Name: actividad_estado; Type: TABLE DATA; Schema: public; Owner: postgres
--

COPY actividad_estado (id, nombre) FROM stdin;
1	Activo
2	Inactivo
\.


--
-- TOC entry 3924 (class 0 OID 0)
-- Dependencies: 246
-- Name: actividad_id_seq; Type: SEQUENCE SET; Schema: public; Owner: postgres
--

SELECT pg_catalog.setval('actividad_id_seq', 4, true);


--
-- TOC entry 3858 (class 0 OID 18904)
-- Dependencies: 247
-- Data for Name: modulos; Type: TABLE DATA; Schema: public; Owner: postgres
--

COPY modulos (id, nombre, slug, id_modulo_padre) FROM stdin;
1	Visualización de Mapa	mapa	\N
2	Gestión de Zoocriadero	zoocriaderos	\N
3	Gestión de Tanques	tanques	\N
4	Tipo de Tanque	tipo_tanques	\N
5	Tipo de Actividad	tipo_actividad	\N
6	Gestión de Seguimiento	seguimiento	\N
7	Usuarios y Roles	seguridad	\N
8	Reportes y Estadísticas	reportes	\N
9	Configuración	configuracion	\N
10	Gestión Usuarios	usuarios	7
11	Gestión Roles	roles	7
12	Peces nacidos y muertos	reporte_nacidos	8
13	Reporte de seguimientos	reporte_seguimientos	8
14	Reportes por zoocriadero	reporte_zoocriaderos	8
15	Manuales	manuales	9
16	Acerca de nosotros	acerca_de	9
\.


--
-- TOC entry 3925 (class 0 OID 0)
-- Dependencies: 248
-- Name: modulos_id_seq; Type: SEQUENCE SET; Schema: public; Owner: postgres
--

SELECT pg_catalog.setval('modulos_id_seq', 1, false);


--
-- TOC entry 3860 (class 0 OID 18909)
-- Dependencies: 249
-- Data for Name: movimiento; Type: TABLE DATA; Schema: public; Owner: postgres
--

COPY movimiento (id, origen, destino, id_tipo_movimiento, observaciones, fecha, id_responsable, cantidad_peces) FROM stdin;
\.


--
-- TOC entry 3926 (class 0 OID 0)
-- Dependencies: 250
-- Name: movimiento_id_seq; Type: SEQUENCE SET; Schema: public; Owner: postgres
--

SELECT pg_catalog.setval('movimiento_id_seq', 1, false);


--
-- TOC entry 3862 (class 0 OID 18917)
-- Dependencies: 251
-- Data for Name: permisos; Type: TABLE DATA; Schema: public; Owner: postgres
--

COPY permisos (id, id_roles, id_modulos, id_acciones) FROM stdin;
1	1	1	1
2	1	1	2
3	1	1	3
4	1	1	4
5	1	2	1
6	1	2	2
7	1	2	3
8	1	2	4
9	1	3	1
10	1	3	2
11	1	3	3
12	1	3	4
13	1	4	1
14	1	4	2
15	1	4	3
16	1	4	4
17	1	5	1
18	1	5	2
19	1	5	3
20	1	5	4
21	1	6	1
22	1	6	2
23	1	6	3
24	1	6	4
25	1	7	1
26	1	7	2
27	1	7	3
28	1	7	4
29	1	8	1
30	1	8	2
31	1	8	3
32	1	8	4
33	1	9	1
34	1	9	2
35	1	9	3
36	1	9	4
57	3	1	1
58	3	1	2
59	3	1	3
60	3	3	1
61	3	3	2
62	3	3	3
63	3	4	1
64	3	4	2
65	3	4	3
66	3	4	4
67	3	5	1
68	3	5	2
69	3	5	3
70	3	5	4
71	3	6	1
72	3	6	2
73	3	6	3
74	3	6	4
75	3	8	1
76	3	8	2
77	3	8	3
78	3	9	1
79	3	9	2
80	3	9	3
81	2	1	1
82	2	1	2
83	2	1	3
84	2	1	4
85	2	2	1
86	2	2	2
87	2	2	3
88	2	2	4
89	2	3	1
90	2	3	2
91	2	3	3
92	2	3	4
93	2	5	1
94	2	5	2
95	2	5	3
96	2	5	4
97	2	8	1
98	2	8	2
99	2	8	3
100	2	8	4
101	2	9	1
102	2	9	2
103	2	9	3
104	2	9	4
105	4	2	1
106	4	2	2
107	4	2	3
108	4	2	4
\.


--
-- TOC entry 3927 (class 0 OID 0)
-- Dependencies: 252
-- Name: permisos_id_seq; Type: SEQUENCE SET; Schema: public; Owner: postgres
--

SELECT pg_catalog.setval('permisos_id_seq', 1, false);


--
-- TOC entry 3889 (class 0 OID 24578)
-- Dependencies: 278
-- Data for Name: rol_estado; Type: TABLE DATA; Schema: public; Owner: postgres
--

COPY rol_estado (id_estado, nombre) FROM stdin;
1	Activo
2	Inactivo
\.


--
-- TOC entry 3928 (class 0 OID 0)
-- Dependencies: 277
-- Name: rol_estado_id_estado_seq; Type: SEQUENCE SET; Schema: public; Owner: postgres
--

SELECT pg_catalog.setval('rol_estado_id_estado_seq', 1, false);


--
-- TOC entry 3864 (class 0 OID 18922)
-- Dependencies: 253
-- Data for Name: roles; Type: TABLE DATA; Schema: public; Owner: postgres
--

COPY roles (id, nombre, id_estado) FROM stdin;
1	Administrador	1
3	Auxiliar	1
2	Coordinador	1
4	prueba	1
\.


--
-- TOC entry 3929 (class 0 OID 0)
-- Dependencies: 254
-- Name: roles_id_seq; Type: SEQUENCE SET; Schema: public; Owner: postgres
--

SELECT pg_catalog.setval('roles_id_seq', 1, false);


--
-- TOC entry 3866 (class 0 OID 18927)
-- Dependencies: 255
-- Data for Name: seguimiento; Type: TABLE DATA; Schema: public; Owner: postgres
--

COPY seguimiento (id, id_zoo, id_tanque, id_responsable, fecha) FROM stdin;
1	2	1	1	2025-12-08
2	2	1	1	2025-12-09
3	2	1	1	2025-12-09
4	2	1	1	2025-12-10
\.


--
-- TOC entry 3867 (class 0 OID 18930)
-- Dependencies: 256
-- Data for Name: seguimiento_detalle; Type: TABLE DATA; Schema: public; Owner: postgres
--

COPY seguimiento_detalle (id, id_seguimiento, id_actividad, ph, temperatura, num_alevines, num_muertes, num_machos, num_hembras, cloro, observaciones, total, estado_id) FROM stdin;
2	4	2	8.50	98.20	5	5	20	10	0.50	nop	60	1
1	3	3	7.50	25.00	3	4	20	9	0.50	ninguna	58	1
\.


--
-- TOC entry 3868 (class 0 OID 18936)
-- Dependencies: 257
-- Data for Name: seguimiento_detalle_estado; Type: TABLE DATA; Schema: public; Owner: postgres
--

COPY seguimiento_detalle_estado (id, nombre) FROM stdin;
1	activo
2	inactivo
\.


--
-- TOC entry 3930 (class 0 OID 0)
-- Dependencies: 258
-- Name: seguimiento_detalle_estado_id_seq; Type: SEQUENCE SET; Schema: public; Owner: postgres
--

SELECT pg_catalog.setval('seguimiento_detalle_estado_id_seq', 2, true);


--
-- TOC entry 3931 (class 0 OID 0)
-- Dependencies: 259
-- Name: seguimiento_detalle_id_seq; Type: SEQUENCE SET; Schema: public; Owner: postgres
--

SELECT pg_catalog.setval('seguimiento_detalle_id_seq', 1, false);


--
-- TOC entry 3932 (class 0 OID 0)
-- Dependencies: 260
-- Name: seguimiento_id_seq; Type: SEQUENCE SET; Schema: public; Owner: postgres
--

SELECT pg_catalog.setval('seguimiento_id_seq', 1, true);


--
-- TOC entry 3593 (class 0 OID 16662)
-- Dependencies: 172
-- Data for Name: spatial_ref_sys; Type: TABLE DATA; Schema: public; Owner: postgres
--

COPY spatial_ref_sys (srid, auth_name, auth_srid, srtext, proj4text) FROM stdin;
\.


--
-- TOC entry 3872 (class 0 OID 18945)
-- Dependencies: 261
-- Data for Name: tanque_estado; Type: TABLE DATA; Schema: public; Owner: postgres
--

COPY tanque_estado (id, nombre) FROM stdin;
1	Activo
2	Inactivo
\.


--
-- TOC entry 3933 (class 0 OID 0)
-- Dependencies: 262
-- Name: tanque_estado_id_seq; Type: SEQUENCE SET; Schema: public; Owner: postgres
--

SELECT pg_catalog.setval('tanque_estado_id_seq', 4, true);


--
-- TOC entry 3874 (class 0 OID 18950)
-- Dependencies: 263
-- Data for Name: tanques; Type: TABLE DATA; Schema: public; Owner: postgres
--

COPY tanques (id, nombre, medidas, id_tipo_tanque, cantidad_peces, id_zoocriadero, id_estado) FROM stdin;
1	Tanque A	1.2m x 0.8m x 1.0m	1	30	2	1
\.


--
-- TOC entry 3934 (class 0 OID 0)
-- Dependencies: 264
-- Name: tanques_id_seq; Type: SEQUENCE SET; Schema: public; Owner: postgres
--

SELECT pg_catalog.setval('tanques_id_seq', 1, true);


--
-- TOC entry 3876 (class 0 OID 18955)
-- Dependencies: 265
-- Data for Name: tipo_movimiento; Type: TABLE DATA; Schema: public; Owner: postgres
--

COPY tipo_movimiento (id, nombre) FROM stdin;
\.


--
-- TOC entry 3935 (class 0 OID 0)
-- Dependencies: 266
-- Name: tipo_movimiento_id_seq; Type: SEQUENCE SET; Schema: public; Owner: postgres
--

SELECT pg_catalog.setval('tipo_movimiento_id_seq', 1, false);


--
-- TOC entry 3878 (class 0 OID 18960)
-- Dependencies: 267
-- Data for Name: tipo_tanque; Type: TABLE DATA; Schema: public; Owner: postgres
--

COPY tipo_tanque (id, nombre, id_estado) FROM stdin;
2	Reproducción	1
3	Alevines	1
4	Reserva	1
1	Siembra	1
\.


--
-- TOC entry 3890 (class 0 OID 24622)
-- Dependencies: 279
-- Data for Name: tipo_tanque_estado; Type: TABLE DATA; Schema: public; Owner: postgres
--

COPY tipo_tanque_estado (id, nombre) FROM stdin;
1	Activo
2	Inactivo
\.


--
-- TOC entry 3936 (class 0 OID 0)
-- Dependencies: 268
-- Name: tipo_tanque_id_seq; Type: SEQUENCE SET; Schema: public; Owner: postgres
--

SELECT pg_catalog.setval('tipo_tanque_id_seq', 4, true);


--
-- TOC entry 3887 (class 0 OID 19127)
-- Dependencies: 276
-- Data for Name: usuario_estado; Type: TABLE DATA; Schema: public; Owner: postgres
--

COPY usuario_estado (id_estado, nombre) FROM stdin;
1	Activo
2	Inactivo
\.


--
-- TOC entry 3937 (class 0 OID 0)
-- Dependencies: 275
-- Name: usuario_estado_id_estado_seq; Type: SEQUENCE SET; Schema: public; Owner: postgres
--

SELECT pg_catalog.setval('usuario_estado_id_estado_seq', 1, false);


--
-- TOC entry 3880 (class 0 OID 18965)
-- Dependencies: 269
-- Data for Name: usuarios; Type: TABLE DATA; Schema: public; Owner: postgres
--

COPY usuarios (id, nombre, apellido, documento, correo, telefono, contrasena, id_rol, id_estado) FROM stdin;
2	Angelica 	Vargas	1107848947	ang@gmail.com	3145722525	e10adc3949ba59abbe56e057f20f883e	4	1
3	Maicol	Copete Cardona	1111111	maicol@gmail.com	12345678	8b268a254d05c3b0ed22a27272da41d6	3	1
4	Juan	Pérez	123456789	juan.perez@example.com	3101234567	Juan123456789	3	1
5	María	Gómez	987654321	maria.gomez@example.com	3112345678	María987654321	3	2
6	Carlos	Rodríguez	456789123	carlos.rodriguez@example.com	3123456789	Carlos456789123	3	1
7	Ana	Martínez	321654987	ana.martinez@example.com	3134567890	Ana321654987	3	2
8	Luis	Hernández	654987321	luis.hernandez@example.com	3145678901	Luis654987321	3	1
9	Sofía	Ramírez	789123456	sofia.ramirez@example.com	3156789012	Sofía789123456	3	2
10	Jorge	Torres	147258369	jorge.torres@example.com	3167890123	Jorge147258369	3	1
11	Valentina	Cruz	963852741	valentina.cruz@example.com	3178901234	Valentina963852741	3	2
12	Andrés	Moreno	258369147	andres.moreno@example.com	3189012345	Andrés258369147	3	1
13	Isabella	Vargas	369147258	isabella.vargas@example.com	3190123456	Isabella369147258	3	2
1	Melany	Agredo	123456789	melany45@gmail.com	3115558899	81dc9bdb52d04dc20036dbd8313ed055	1	1
\.


--
-- TOC entry 3938 (class 0 OID 0)
-- Dependencies: 270
-- Name: usuarios_id_seq; Type: SEQUENCE SET; Schema: public; Owner: postgres
--

SELECT pg_catalog.setval('usuarios_id_seq', 13, true);


--
-- TOC entry 3882 (class 0 OID 18973)
-- Dependencies: 271
-- Data for Name: zoocriadero; Type: TABLE DATA; Schema: public; Owner: postgres
--

COPY zoocriadero (id_zoocriadero, responsable, direccion, coordenadas, telefono, comuna, barrio, nombre, geom, id_estado, correo) FROM stdin;
2	1	Calle 12 # 5-30	3.4512, -76.5321	3114567890	Comuna 10	José Manuel Marroquín Primera Etapa	Zoo La Esperanza	\N	1	responsable1@gmail.com
3	1	calle 123 #2312		3114567890	Comuna 19	Alfonso López P. 3a. Etapa	Zoocriadero prueba	0101000020E610000014AE47E17AA052C0F7E6411DD4411140	2	prueba@gmail.com
4	1	Calle 12 #34-56	3.45123,-76.53210	3204567890	Comuna 1	20 de Julio	Zoocriadero Los Pajaritos	0101000020E6100000E78C28ED0D2253C0EACA67791E9C0B40	1	contacto1@zoocriadero.com
5	2	Carrera 45 #67-89	3.46234,-76.52123	3112345678	Comuna 2	3 de Julio	Zoocriadero El Bosque	0101000020E61000006CEC12D55B2153C0A60F5D50DFB20B40	1	contacto2@zoocriadero.com
6	1	Avenida 5 #23-12	3.47890,-76.54012	3009876543	Comuna 3	Aguablanca	Zoocriadero Naturaleza Viva	0101000020E610000098FA7953912253C0696FF085C9D40B40	1	contacto3@zoocriadero.com
7	2	Calle 76 #12-34	3.46789,-76.51123	3156789012	Comuna 4	Aguacatal	Zoocriadero El Paraíso	0101000020E6100000FBAE08FEB72053C0E700C11C3DBE0B40	1	contacto4@zoocriadero.com
8	1	Carrera 34 #56-78	3.45678,-76.52234	3201234567	Comuna 5	Alameda	Zoocriadero Verde Vida	0101000020E61000002159C0046E2153C02CBCCB457CA70B40	1	contacto5@zoocriadero.com
10	1	Calle 78 #90-12	3.47012,-76.51234	3109876543	Comuna 7	Alfonso Bonilla Aragón	Zoocriadero Animales del Valle	0101000020E6100000B01BB62DCA2053C06D904946CEC20B40	1	contacto7@zoocriadero.com
11	2	Carrera 56 #23-45	3.46543,-76.52345	3132109876	Comuna 8	Alfonso López P. 1a. Etapa	Zoocriadero Amigos de la Naturaleza	0101000020E6100000D6C56D34802153C0459E245D33B90B40	1	contacto8@zoocriadero.com
12	1	Avenida 34 #12-56	3.47812,-76.53678	3145678901	Comuna 9	Alférez Real	Zoocriadero Selva Viva	0101000020E61000006649809A5A2253C017821C9430D30B40	1	contacto9@zoocriadero.com
13	2	Calle 23 #45-67	3.48123,-76.52901	3156789012	Comuna 10	Alirio Mora Beltrán	Zoocriadero Mundo Animal	0101000020E61000007250C24CDB2153C028D53E1D8FD90B40	2	contacto10@zoocriadero.com
9	2	Avenida 12 #45-67	3.48901,-76.53456	3123456789	Comuna 6	Alfonso Barberena A.	Zoocriadero Fauna Feliz	0101000020E6100000FC6F253B362253C0EF552B137EE90B40	2	contacto6@zoocriadero.com
\.


--
-- TOC entry 3885 (class 0 OID 19104)
-- Dependencies: 274
-- Data for Name: zoocriadero_estado; Type: TABLE DATA; Schema: public; Owner: postgres
--

COPY zoocriadero_estado (id_estado, nombre) FROM stdin;
1	Activo
2	Inactivo
\.


--
-- TOC entry 3939 (class 0 OID 0)
-- Dependencies: 273
-- Name: zoocriadero_estado_id_estado_seq; Type: SEQUENCE SET; Schema: public; Owner: postgres
--

SELECT pg_catalog.setval('zoocriadero_estado_id_estado_seq', 1, false);


--
-- TOC entry 3940 (class 0 OID 0)
-- Dependencies: 272
-- Name: zoocriadero_id_zoocriadero_seq; Type: SEQUENCE SET; Schema: public; Owner: postgres
--

SELECT pg_catalog.setval('zoocriadero_id_zoocriadero_seq', 13, true);


SET search_path = tiger, pg_catalog;

--
-- TOC entry 3589 (class 0 OID 17903)
-- Dependencies: 195
-- Data for Name: geocode_settings; Type: TABLE DATA; Schema: tiger; Owner: postgres
--

COPY geocode_settings (name, setting, unit, category, short_desc) FROM stdin;
debug_geocode_address	false	boolean	debug	outputs debug information in notice log such as queries when geocode_addresss is called if true
debug_geocode_intersection	false	boolean	debug	outputs debug information in notice log such as queries when geocode_intersection is called if true
debug_normalize_address	false	boolean	debug	outputs debug information in notice log such as queries and intermediate expressions when normalize_address is called if true
debug_reverse_geocode	false	boolean	debug	if true, outputs debug information in notice log such as queries and intermediate expressions when reverse_geocode
reverse_geocode_numbered_roads	0	integer	rating	For state and county highways, 0 - no preference in name, 1 - prefer the numbered highway name, 2 - prefer local state/county name
use_pagc_address_parser	false	boolean	normalize	If set to true, will try to use the pagc_address normalizer instead of tiger built one
\.


--
-- TOC entry 3590 (class 0 OID 18250)
-- Dependencies: 238
-- Data for Name: pagc_gaz; Type: TABLE DATA; Schema: tiger; Owner: postgres
--

COPY pagc_gaz (id, seq, word, stdword, token, is_custom) FROM stdin;
\.


--
-- TOC entry 3591 (class 0 OID 18262)
-- Dependencies: 240
-- Data for Name: pagc_lex; Type: TABLE DATA; Schema: tiger; Owner: postgres
--

COPY pagc_lex (id, seq, word, stdword, token, is_custom) FROM stdin;
\.


--
-- TOC entry 3592 (class 0 OID 18274)
-- Dependencies: 242
-- Data for Name: pagc_rules; Type: TABLE DATA; Schema: tiger; Owner: postgres
--

COPY pagc_rules (id, rule, is_custom) FROM stdin;
\.


SET search_path = topology, pg_catalog;

--
-- TOC entry 3588 (class 0 OID 17744)
-- Dependencies: 189
-- Data for Name: layer; Type: TABLE DATA; Schema: topology; Owner: postgres
--

COPY layer (topology_id, layer_id, schema_name, table_name, feature_column, feature_type, level, child_id) FROM stdin;
\.


--
-- TOC entry 3587 (class 0 OID 17731)
-- Dependencies: 188
-- Data for Name: topology; Type: TABLE DATA; Schema: topology; Owner: postgres
--

COPY topology (id, name, srid, "precision", hasz) FROM stdin;
\.


SET search_path = public, pg_catalog;

--
-- TOC entry 3680 (class 2606 OID 18997)
-- Name: acciones_pkey; Type: CONSTRAINT; Schema: public; Owner: postgres; Tablespace: 
--

ALTER TABLE ONLY acciones
    ADD CONSTRAINT acciones_pkey PRIMARY KEY (id);


--
-- TOC entry 3720 (class 2606 OID 24631)
-- Name: actividad_estado_pkey; Type: CONSTRAINT; Schema: public; Owner: postgres; Tablespace: 
--

ALTER TABLE ONLY actividad_estado
    ADD CONSTRAINT actividad_estado_pkey PRIMARY KEY (id);


--
-- TOC entry 3682 (class 2606 OID 18999)
-- Name: actividad_pkey; Type: CONSTRAINT; Schema: public; Owner: postgres; Tablespace: 
--

ALTER TABLE ONLY actividad
    ADD CONSTRAINT actividad_pkey PRIMARY KEY (id);


--
-- TOC entry 3684 (class 2606 OID 19001)
-- Name: modulos_pkey; Type: CONSTRAINT; Schema: public; Owner: postgres; Tablespace: 
--

ALTER TABLE ONLY modulos
    ADD CONSTRAINT modulos_pkey PRIMARY KEY (id);


--
-- TOC entry 3686 (class 2606 OID 19003)
-- Name: movimiento_pkey; Type: CONSTRAINT; Schema: public; Owner: postgres; Tablespace: 
--

ALTER TABLE ONLY movimiento
    ADD CONSTRAINT movimiento_pkey PRIMARY KEY (id);


--
-- TOC entry 3688 (class 2606 OID 19005)
-- Name: permisos_pkey; Type: CONSTRAINT; Schema: public; Owner: postgres; Tablespace: 
--

ALTER TABLE ONLY permisos
    ADD CONSTRAINT permisos_pkey PRIMARY KEY (id);


--
-- TOC entry 3714 (class 2606 OID 19135)
-- Name: primarykey; Type: CONSTRAINT; Schema: public; Owner: postgres; Tablespace: 
--

ALTER TABLE ONLY usuario_estado
    ADD CONSTRAINT primarykey PRIMARY KEY (id_estado);


--
-- TOC entry 3716 (class 2606 OID 24586)
-- Name: rol_estado_pkey; Type: CONSTRAINT; Schema: public; Owner: postgres; Tablespace: 
--

ALTER TABLE ONLY rol_estado
    ADD CONSTRAINT rol_estado_pkey PRIMARY KEY (id_estado);


--
-- TOC entry 3690 (class 2606 OID 19007)
-- Name: roles_pkey; Type: CONSTRAINT; Schema: public; Owner: postgres; Tablespace: 
--

ALTER TABLE ONLY roles
    ADD CONSTRAINT roles_pkey PRIMARY KEY (id);


--
-- TOC entry 3696 (class 2606 OID 19009)
-- Name: seguimiento_detalle_estado_pkey; Type: CONSTRAINT; Schema: public; Owner: postgres; Tablespace: 
--

ALTER TABLE ONLY seguimiento_detalle_estado
    ADD CONSTRAINT seguimiento_detalle_estado_pkey PRIMARY KEY (id);


--
-- TOC entry 3694 (class 2606 OID 19011)
-- Name: seguimiento_detalle_pkey; Type: CONSTRAINT; Schema: public; Owner: postgres; Tablespace: 
--

ALTER TABLE ONLY seguimiento_detalle
    ADD CONSTRAINT seguimiento_detalle_pkey PRIMARY KEY (id);


--
-- TOC entry 3692 (class 2606 OID 19013)
-- Name: seguimiento_pkey; Type: CONSTRAINT; Schema: public; Owner: postgres; Tablespace: 
--

ALTER TABLE ONLY seguimiento
    ADD CONSTRAINT seguimiento_pkey PRIMARY KEY (id);


--
-- TOC entry 3698 (class 2606 OID 19015)
-- Name: tanque_estado_pkey; Type: CONSTRAINT; Schema: public; Owner: postgres; Tablespace: 
--

ALTER TABLE ONLY tanque_estado
    ADD CONSTRAINT tanque_estado_pkey PRIMARY KEY (id);


--
-- TOC entry 3700 (class 2606 OID 19017)
-- Name: tanques_pkey; Type: CONSTRAINT; Schema: public; Owner: postgres; Tablespace: 
--

ALTER TABLE ONLY tanques
    ADD CONSTRAINT tanques_pkey PRIMARY KEY (id);


--
-- TOC entry 3702 (class 2606 OID 19019)
-- Name: tipo_movimiento_pkey; Type: CONSTRAINT; Schema: public; Owner: postgres; Tablespace: 
--

ALTER TABLE ONLY tipo_movimiento
    ADD CONSTRAINT tipo_movimiento_pkey PRIMARY KEY (id);


--
-- TOC entry 3718 (class 2606 OID 24626)
-- Name: tipo_tanque_estado_pkey; Type: CONSTRAINT; Schema: public; Owner: postgres; Tablespace: 
--

ALTER TABLE ONLY tipo_tanque_estado
    ADD CONSTRAINT tipo_tanque_estado_pkey PRIMARY KEY (id);


--
-- TOC entry 3704 (class 2606 OID 19021)
-- Name: tipo_tanque_pkey; Type: CONSTRAINT; Schema: public; Owner: postgres; Tablespace: 
--

ALTER TABLE ONLY tipo_tanque
    ADD CONSTRAINT tipo_tanque_pkey PRIMARY KEY (id);


--
-- TOC entry 3707 (class 2606 OID 19023)
-- Name: usuarios_pkey; Type: CONSTRAINT; Schema: public; Owner: postgres; Tablespace: 
--

ALTER TABLE ONLY usuarios
    ADD CONSTRAINT usuarios_pkey PRIMARY KEY (id);


--
-- TOC entry 3712 (class 2606 OID 19112)
-- Name: zoocriadero_estado_pkey; Type: CONSTRAINT; Schema: public; Owner: postgres; Tablespace: 
--

ALTER TABLE ONLY zoocriadero_estado
    ADD CONSTRAINT zoocriadero_estado_pkey PRIMARY KEY (id_estado);


--
-- TOC entry 3710 (class 2606 OID 19025)
-- Name: zoocriadero_pkey; Type: CONSTRAINT; Schema: public; Owner: postgres; Tablespace: 
--

ALTER TABLE ONLY zoocriadero
    ADD CONSTRAINT zoocriadero_pkey PRIMARY KEY (id_zoocriadero);


--
-- TOC entry 3708 (class 1259 OID 19118)
-- Name: fki_estado; Type: INDEX; Schema: public; Owner: postgres; Tablespace: 
--

CREATE INDEX fki_estado ON zoocriadero USING btree (id_estado);


--
-- TOC entry 3705 (class 1259 OID 19124)
-- Name: fki_rol; Type: INDEX; Schema: public; Owner: postgres; Tablespace: 
--

CREATE INDEX fki_rol ON usuarios USING btree (id_rol);


--
-- TOC entry 3738 (class 2606 OID 19166)
-- Name: estado; Type: FK CONSTRAINT; Schema: public; Owner: postgres
--

ALTER TABLE ONLY usuarios
    ADD CONSTRAINT estado FOREIGN KEY (id_estado) REFERENCES usuario_estado(id_estado);


--
-- TOC entry 3727 (class 2606 OID 24592)
-- Name: estado; Type: FK CONSTRAINT; Schema: public; Owner: postgres
--

ALTER TABLE ONLY roles
    ADD CONSTRAINT estado FOREIGN KEY (id_estado) REFERENCES rol_estado(id_estado);


--
-- TOC entry 3721 (class 2606 OID 24677)
-- Name: fk_actividad_estado; Type: FK CONSTRAINT; Schema: public; Owner: postgres
--

ALTER TABLE ONLY actividad
    ADD CONSTRAINT fk_actividad_estado FOREIGN KEY (id_estado) REFERENCES actividad_estado(id);


--
-- TOC entry 3740 (class 2606 OID 19113)
-- Name: fk_estado; Type: FK CONSTRAINT; Schema: public; Owner: postgres
--

ALTER TABLE ONLY zoocriadero
    ADD CONSTRAINT fk_estado FOREIGN KEY (id_estado) REFERENCES zoocriadero_estado(id_estado);


--
-- TOC entry 3733 (class 2606 OID 19026)
-- Name: fk_estado_seguimiento; Type: FK CONSTRAINT; Schema: public; Owner: postgres
--

ALTER TABLE ONLY seguimiento_detalle
    ADD CONSTRAINT fk_estado_seguimiento FOREIGN KEY (estado_id) REFERENCES seguimiento_detalle_estado(id);


--
-- TOC entry 3736 (class 2606 OID 19036)
-- Name: fk_tanque_estado; Type: FK CONSTRAINT; Schema: public; Owner: postgres
--

ALTER TABLE ONLY tanques
    ADD CONSTRAINT fk_tanque_estado FOREIGN KEY (id_estado) REFERENCES tanque_estado(id);


--
-- TOC entry 3735 (class 2606 OID 19041)
-- Name: fk_tanque_zoocriadero; Type: FK CONSTRAINT; Schema: public; Owner: postgres
--

ALTER TABLE ONLY tanques
    ADD CONSTRAINT fk_tanque_zoocriadero FOREIGN KEY (id_zoocriadero) REFERENCES zoocriadero(id_zoocriadero) ON DELETE CASCADE;


--
-- TOC entry 3737 (class 2606 OID 24672)
-- Name: fk_tipo_tanque_estado; Type: FK CONSTRAINT; Schema: public; Owner: postgres
--

ALTER TABLE ONLY tipo_tanque
    ADD CONSTRAINT fk_tipo_tanque_estado FOREIGN KEY (id_estado) REFERENCES tipo_tanque_estado(id);


--
-- TOC entry 3723 (class 2606 OID 19046)
-- Name: movimiento_id_responsable_fkey; Type: FK CONSTRAINT; Schema: public; Owner: postgres
--

ALTER TABLE ONLY movimiento
    ADD CONSTRAINT movimiento_id_responsable_fkey FOREIGN KEY (id_responsable) REFERENCES usuarios(id);


--
-- TOC entry 3722 (class 2606 OID 19051)
-- Name: movimiento_id_tipo_movimiento_fkey; Type: FK CONSTRAINT; Schema: public; Owner: postgres
--

ALTER TABLE ONLY movimiento
    ADD CONSTRAINT movimiento_id_tipo_movimiento_fkey FOREIGN KEY (id_tipo_movimiento) REFERENCES tipo_movimiento(id);


--
-- TOC entry 3726 (class 2606 OID 19056)
-- Name: permisos_id_acciones_fkey; Type: FK CONSTRAINT; Schema: public; Owner: postgres
--

ALTER TABLE ONLY permisos
    ADD CONSTRAINT permisos_id_acciones_fkey FOREIGN KEY (id_acciones) REFERENCES acciones(id);


--
-- TOC entry 3725 (class 2606 OID 19061)
-- Name: permisos_id_modulos_fkey; Type: FK CONSTRAINT; Schema: public; Owner: postgres
--

ALTER TABLE ONLY permisos
    ADD CONSTRAINT permisos_id_modulos_fkey FOREIGN KEY (id_modulos) REFERENCES modulos(id);


--
-- TOC entry 3724 (class 2606 OID 24685)
-- Name: permisos_id_roles_fkey; Type: FK CONSTRAINT; Schema: public; Owner: postgres
--

ALTER TABLE ONLY permisos
    ADD CONSTRAINT permisos_id_roles_fkey FOREIGN KEY (id_roles) REFERENCES roles(id) ON DELETE CASCADE;


--
-- TOC entry 3739 (class 2606 OID 19119)
-- Name: rol; Type: FK CONSTRAINT; Schema: public; Owner: postgres
--

ALTER TABLE ONLY usuarios
    ADD CONSTRAINT rol FOREIGN KEY (id_rol) REFERENCES roles(id);


--
-- TOC entry 3732 (class 2606 OID 19071)
-- Name: seguimiento_detalle_id_actividad_fkey; Type: FK CONSTRAINT; Schema: public; Owner: postgres
--

ALTER TABLE ONLY seguimiento_detalle
    ADD CONSTRAINT seguimiento_detalle_id_actividad_fkey FOREIGN KEY (id_actividad) REFERENCES actividad(id);


--
-- TOC entry 3731 (class 2606 OID 19076)
-- Name: seguimiento_detalle_id_seguimiento_fkey; Type: FK CONSTRAINT; Schema: public; Owner: postgres
--

ALTER TABLE ONLY seguimiento_detalle
    ADD CONSTRAINT seguimiento_detalle_id_seguimiento_fkey FOREIGN KEY (id_seguimiento) REFERENCES seguimiento(id);


--
-- TOC entry 3730 (class 2606 OID 19081)
-- Name: seguimiento_id_responsable_fkey; Type: FK CONSTRAINT; Schema: public; Owner: postgres
--

ALTER TABLE ONLY seguimiento
    ADD CONSTRAINT seguimiento_id_responsable_fkey FOREIGN KEY (id_responsable) REFERENCES usuarios(id);


--
-- TOC entry 3729 (class 2606 OID 19086)
-- Name: seguimiento_id_tanque_fkey; Type: FK CONSTRAINT; Schema: public; Owner: postgres
--

ALTER TABLE ONLY seguimiento
    ADD CONSTRAINT seguimiento_id_tanque_fkey FOREIGN KEY (id_tanque) REFERENCES tanques(id);


--
-- TOC entry 3728 (class 2606 OID 19091)
-- Name: seguimiento_id_zoo_fkey; Type: FK CONSTRAINT; Schema: public; Owner: postgres
--

ALTER TABLE ONLY seguimiento
    ADD CONSTRAINT seguimiento_id_zoo_fkey FOREIGN KEY (id_zoo) REFERENCES zoocriadero(id_zoocriadero);


--
-- TOC entry 3734 (class 2606 OID 19096)
-- Name: tanques_id_tipo_tanque_fkey; Type: FK CONSTRAINT; Schema: public; Owner: postgres
--

ALTER TABLE ONLY tanques
    ADD CONSTRAINT tanques_id_tipo_tanque_fkey FOREIGN KEY (id_tipo_tanque) REFERENCES tipo_tanque(id);


--
-- TOC entry 3898 (class 0 OID 0)
-- Dependencies: 9
-- Name: public; Type: ACL; Schema: -; Owner: postgres
--

REVOKE ALL ON SCHEMA public FROM PUBLIC;
REVOKE ALL ON SCHEMA public FROM postgres;
GRANT ALL ON SCHEMA public TO postgres;
GRANT ALL ON SCHEMA public TO PUBLIC;


-- Completed on 2025-12-13 23:03:32

--
-- PostgreSQL database dump complete
--

